"subject","activity","FreqBodyAcc","FreqBodyAccJerk","FreqBodyAccMag","FreqBodyBodyAccJerkMag","FreqBodyBodyGyroJerkMag","FreqBodyBodyGyroMag","FreqBodyGyro","TimeBodyAcc","TimeBodyAccJerk","TimeBodyAccJerkMag","TimeBodyAccMag","TimeBodyGyro","TimeBodyGyroJerk","TimeBodyGyroJerkMag","TimeBodyGyroMag","TimeGravityAcc","TimeGravityAccMag"
1,"LAYING",-0.627342269754667,-0.954952638133333,-0.9921766555,-0.387287650003,-0.237934596942,-0.531461768861,-0.930582761631,1.02330404462177,-0.1916563854317,0.0054743031,-0.066877616586,-0.113621874564333,-0.140811177341,0.038495554114,-0.095300976644,-0.00450591208786667,0.0054743031
1,"SITTING",-0.643713235025177,-0.988129652553192,-0.996273242340426,-0.491018877691489,-0.146106063294681,-0.615770608595745,-0.980051875496454,0.696359347870106,-0.184828281912624,-0.00917666376808511,0.0602782655297872,-0.145843437582979,-0.208864117430851,0.0268382479237234,-0.0455727627989362,0.052762587306383,-0.00917666376808511
1,"STANDING",-0.706205352855031,-0.994130979779874,-0.999675774433962,-0.593923348037736,-0.357797440890566,-0.700483155518868,-0.990552410408805,0.859403053284591,-0.051204919458478,-0.0038962421764151,-0.132823788125472,-0.127551814624811,-0.275098658888365,0.0635485430820755,-0.0915585443716981,-0.00457108888522013,-0.0038962421764151
1,"WALKING",-0.177925597199404,-0.408461195989388,-0.854626134,-0.692078157157895,-0.393842763226842,-0.291222358658474,-0.491909385451404,0.310843096303333,0.0376177896287719,0.0851597550133158,-0.203072607713632,-0.0619171557862632,-0.0564539603533333,-0.0120242558757895,-0.010378238556,-0.0337802653149123,0.0851597550133158
1,"WALKING_DOWNSTAIRS",-0.0270326817069388,-0.343298260486973,-0.752921906836735,-0.597975428581633,-0.632770476806122,-0.367974858326531,-0.414061846937075,0.700289827206364,-0.0225984645020408,-0.00711295683510204,-0.246477035256122,-0.122627591233673,-0.183849653131395,0.0637890814693877,0.0470399402459184,-0.0828793597489796,-0.00711295683510204
1,"WALKING_UPSTAIRS",-0.278425427767767,-0.587139213616352,-0.922977518867925,-0.44090820539434,-0.328565529762264,-0.525216511320755,-0.622519676918239,0.463249752194937,-0.15372997865283,-0.0205229233066038,-0.271335597590566,-0.0764333425748428,-0.196716120539528,-0.0734721431141509,-0.147097865818868,-0.0859920335745283,-0.0205229233066038
2,"LAYING",-0.659717148497326,-0.990195503159722,-0.9986632128125,-0.507576077415937,-0.2866109436625,-0.68481419325,-0.986787510347222,1.19698493149861,-0.29404482254934,-0.0279579369375,-0.027589301803125,-0.136267517522569,-0.187333050245833,-0.0121488759802083,-0.0700993864552083,-0.0862740772559722,-0.0279579369375
2,"SITTING",-0.690513008021377,-0.98915230865942,-0.998902040978261,-0.47240054087663,-0.288980730906522,-0.70270522923913,-0.985122215181159,0.860893134331522,-0.140745924446268,0.0267080539858696,-0.0302487728913043,-0.159889019874275,-0.248726802880072,0.0209471367065217,-0.0409680739086957,0.00698076278893478,0.0267080539858696
2,"STANDING",-0.687126182656944,-0.984881901111111,-0.998613171851852,-0.462782139324074,-0.485866745432407,-0.5925334775,-0.979035588209877,1.02771836998179,0.00698683250697531,-0.0084918507537037,-0.166552486931481,-0.106173797025463,-0.269646281654938,0.0369729428009259,-0.0718274588555556,0.0201828888901235,-0.0084918507537037
2,"WALKING",-0.214817898045565,-0.505861208353107,-0.883625596525424,-0.631029797118644,-0.694222384661017,-0.185651733274576,-0.633277896949153,0.454781411680904,-0.0827808272877119,0.0320607663313559,-0.0842667766779661,-0.048837256445904,-0.0918302748601695,0.0158614712788136,-0.0544566944491525,0.00365328201384181,0.0320607663313559
2,"WALKING_DOWNSTAIRS",0.0823234554124113,-0.239757696483688,-0.759966013510638,-0.596663883723404,-0.45216423897234,-0.0898386435439362,-0.418512825502482,0.86408461188156,0.0506263945963475,0.0666810403659574,0.0117797601712766,-0.0471804201347518,-0.0486624202421986,0.0838742891382979,-0.0108553928564894,-0.0889015247606383,0.0666810403659574
2,"WALKING_UPSTAIRS",-0.12064649507816,-0.477290748886111,-0.757174845239583,-0.612492321666667,-0.458539165104167,-0.402697441855833,-0.556921656993056,0.628143728535347,-0.0263245692636458,0.0122391241785312,-0.0656131030520833,-0.0484964265669097,-0.00174585333263889,0.0618376701458333,0.00178327521875,-0.164314071851736,0.0122391241785312
3,"LAYING",-0.666926038986559,-0.984736865268817,-0.998807227016129,-0.57499714701129,-0.400376113127419,-0.592491494564516,-0.980917612741935,1.36208067625618,-0.353424893676614,-0.00631566809758064,0.00725320003846774,-0.164515201214866,-0.180070647380645,0.0286031182064516,-0.0525592222766129,-0.0788696003432796,-0.00631566809758064
3,"SITTING",-0.659717146379487,-0.973390955179487,-0.994972454615385,-0.3315483329,-0.243940676586538,-0.584826574461538,-0.969058336602564,1.03072109323814,-0.117030214008814,-0.00189293136538461,0.0734537892326923,-0.166114188586026,-0.252584651490609,0.000409697170192307,-0.0804572386788461,0.0536379033166346,-0.00189293136538461
3,"STANDING",-0.663340923806776,-0.969523578278689,-0.995763526639344,-0.437655772401639,-0.329362434485598,-0.565259712155738,-0.94250907920765,1.19955743203136,-0.11052455407847,0.0145537356857377,-0.0122627681279508,-0.158935679568552,-0.217585956244809,0.0409296515868033,-0.0495957706402459,-0.0614330703139344,0.0145537356857377
3,"WALKING",-0.232955990033161,-0.502737719140805,-0.915727299224138,-0.622196516896552,-0.483542216965517,-0.0195327053181034,-0.63222774158046,0.630893181964425,0.0128863543503736,0.0382432467474138,-0.105735249858621,-0.0841707549862069,-0.123585628660144,-0.00887894321724138,0.12909915585431,-0.0503885605287356,0.0382432467474138
3,"WALKING_DOWNSTAIRS",-0.124535487926442,-0.442582156114286,-0.88350702622449,-0.678524934183673,-0.574825364704082,-0.353719433081633,-0.514036189319048,1.01658636439044,0.0318479274071769,-0.00291640433571429,-0.0823364833479592,-0.0508226937629592,-0.103883342605612,-0.00624201711428572,-0.065756153744898,-0.0578953257115646,-0.00291640433571429
3,"WALKING_UPSTAIRS",-0.261939593865537,-0.61593614282709,-0.91842372720339,-0.559980339711864,-0.502032241900847,-0.318247249664407,-0.639393659531073,0.800870105157966,0.00678546945355932,-0.0603259773161017,-0.121958625852186,-0.0438899109138418,-0.157315417031921,-0.0167577584271186,-0.0754643089491525,-0.0982966537316384,-0.0603259773161017
4,"LAYING",-0.673345187641975,-0.979115836419753,-0.998595838333333,-0.442064753993519,-0.173737312638889,-0.529509840962963,-0.97900793058642,1.53061235694537,-0.260562877305485,-0.0298493189422222,0.0325361732009259,-0.110152893460494,-0.182160707713858,0.0222330251611111,-0.0982163840046296,-0.0928870921751543,-0.0298493189422222
4,"SITTING",-0.675245239587067,-0.977250831133333,-0.9967632458,-0.333038383491,-0.19727363562,-0.4721041070158,-0.972308520366667,1.196365114647,-0.225542257488833,-0.04093124464,0.154453363066,-0.133433193392133,-0.202458816594267,0.01956264091,-0.09117139582,-0.002799740783851,-0.04093124464
4,"STANDING",-0.668655178616667,-0.972987281994048,-0.995565790089286,-0.254557799816071,-0.340808411364732,-0.589733400559821,-0.947872367380952,1.36632209405896,-0.211210148697896,-0.0122953910919643,0.0631117625714286,-0.116486552146429,-0.162066811106607,0.0371029990733036,-0.0517143986763393,-0.0271731833482143,-0.0122953910919643
4,"WALKING",-0.327214427302778,-0.592195268330556,-0.948298064833333,-0.66092408425,-0.4115685407825,-0.021059705815,-0.689159696444444,0.785251505241528,-0.0735179427294445,-0.08074084769275,0.2353932762265,0.00378467917091667,-0.0814520266627778,0.113570246803333,-0.0112858795558333,0.0544210404205556,-0.08074084769275
4,"WALKING_DOWNSTAIRS",-0.111633933943333,-0.488377683132222,-0.821357738333333,-0.609677905733333,-0.489968346695667,-0.340863212037778,-0.590148089235556,1.19576322434519,0.0430904303947778,-0.0244606670543333,0.212468696430778,-0.00927429285888889,-0.0577714165696296,0.0244053430222222,-0.07694773816,0.0744762819248148,-0.0244606670543333
4,"WALKING_UPSTAIRS",-0.222139755568974,-0.594725422553397,-0.858412413653846,-0.359541523795288,-0.543673106125,-0.5257556965,-0.634358346923077,0.986623961455788,-0.0992873951342949,0.0190219892346154,0.123788756814423,-0.0275573269215128,-0.0418765269759744,0.0249442620793269,0.00436043520673077,-0.0141765842923077,0.0190219892346154
5,"LAYING",-0.609540247551282,-0.98581525400641,-0.998781418076923,-0.542246935163462,-0.254895358615385,-0.558914649673077,-0.982856900544872,1.69769299999359,-0.16898515931609,-0.00558941767307692,0.0738925029240385,-0.145318545631763,-0.252449090273077,0.0612674450836538,0.0381567977759615,-0.0361497664939103,-0.00558941767307692
5,"SITTING",-0.654044156543939,-0.978019264734848,-0.997656259090909,-0.376734945386364,-0.384336765439773,-0.558946095011364,-0.969691435454546,1.36238466366061,-0.19303835548703,0.00292768124318182,0.325711791014773,-0.187347988778447,-0.149953320525,0.0232615152488636,-0.102090677136364,-0.00671345703068182,0.00292768124318182
5,"STANDING",-0.656750433967857,-0.96593592014881,-0.995054848839286,-0.419493355553571,-0.373727779491964,-0.508945692808929,-0.94431485139881,1.53412954898949,-0.253097000887768,-0.01556985184375,-0.0308548603,-0.167020161454375,-0.219194560479167,0.01468484121875,-0.0744282406133929,-0.0518838722864583,-0.01556985184375
5,"WALKING",-0.212983958472619,-0.541486017016488,-0.840936978928571,-0.727410615625,-0.587019902455357,-0.30904757115,-0.576510827732143,0.976452833967551,-0.049124273036131,-0.0564109245982143,0.0354948564205357,-0.056744063962619,-0.0919507068077381,-0.000444144506249999,-0.0636633570279464,0.0311581509532738,-0.0564109245982143
5,"WALKING_DOWNSTAIRS",0.00426342190872341,-0.38113940088617,-0.766207845851064,-0.423204360724468,-0.658585196840425,-0.193753215109574,-0.496120616166915,1.40996150526738,0.0854523826322695,0.0299011071489362,-0.210825173980745,-0.019039547437234,-0.177780100271099,0.0200192820946808,-0.0983897344692553,0.0544146699530394,0.0299011071489362
5,"WALKING_UPSTAIRS",-0.111978880882872,-0.50511423879078,-0.817232500212766,-0.369708153521277,-0.651563046393617,-0.410412014634043,-0.546050086191844,1.1804562104166,-0.0391441752364894,0.0267240693601596,-0.0405216448022234,-0.0804810883124114,-0.134011041194149,-0.0108710393711702,-0.151711996867021,-0.00247220301737589,0.0267240693601596
6,"LAYING",-0.649258202102924,-0.969036585438596,-0.997069063859649,-0.341014474789474,-0.514557128421053,-0.534435763754386,-0.961140693508772,1.86187243511053,-0.211512688578187,-0.0498588466859649,-0.0328465613403509,-0.152318531354708,-0.218592890687602,0.0010075133728421,-0.0491351660184211,-0.103971495062866,-0.0498588466859649
6,"SITTING",-0.683885684945818,-0.972772847727273,-0.997272693909091,-0.517084712431818,-0.501315397145455,-0.540138293663636,-0.962885031151515,1.52864911059667,-0.141142160396152,-0.0128347584590909,-0.0246084739390909,-0.181628781832788,-0.20890839154703,0.00154222173181818,-0.111228537086182,-0.0240466887884242,-0.0128347584590909
6,"STANDING",-0.668591990848538,-0.976075969064327,-0.998465066842105,-0.40452239255614,-0.524804613973684,-0.540720595350877,-0.961329170818713,1.69471527071374,-0.0657598646539474,-0.0251329046052632,-0.158500489242105,-0.164049170901754,-0.258667105032982,0.0128522831157895,-0.0803044914947368,-0.0337633293874269,-0.0251329046052632
6,"WALKING",-0.175485591254795,-0.459445861828655,-0.806962009210526,-0.575678134122807,-0.702705804517544,-0.391196103236842,-0.51269572964386,1.14332026098605,-0.0160522144982456,-0.00424161885789474,-0.151259723555263,-0.0635301522584795,-0.0797394478049708,0.041972815794386,0.0902079356429825,-0.0268611457807018,-0.00424161885789474
6,"WALKING_DOWNSTAIRS",0.0998396616920139,-0.247783774810444,-0.6544056328125,-0.3867359057875,-0.648466349697917,-0.400577050729167,-0.275079786101389,1.58899678361101,0.126295117800833,0.038182038803125,-0.196906781077083,-0.0452274402586458,-0.0623700828160417,0.037330094615625,-0.127078356889583,-0.0604310137059028,0.038182038803125
6,"WALKING_UPSTAIRS",-0.13426834713183,-0.473513133414706,-0.788434780294118,-0.504700068813726,-0.662522703431373,-0.181488825166667,-0.440747848363399,1.34479489315922,0.122755984792484,-0.00321159352254902,-0.201159481302941,-0.101607181644281,-0.110006229148203,-0.0241956734794118,-0.049139486517451,-0.0949917317385621,-0.00321159352254902
7,"LAYING",-0.638395091111218,-0.983189412435897,-0.998208679423077,-0.0881878102721154,-0.102404885230769,-0.593416162623173,-0.971213889775641,2.03197681596218,-0.399656385349583,0.0225348069376923,0.0179584570625,-0.148341745225032,-0.200318696245192,0.0146749288394231,-0.0744016643682692,-0.185602285205128,0.0225348069376923
7,"SITTING",-0.641155422969792,-0.976931903819444,-0.9964414459375,-0.405792350283333,-0.1919528215,-0.603157904791667,-0.964714670972222,1.6958217815466,-0.125008518746111,-0.0083993516,-0.0475188032510417,-0.145303634097639,-0.21250256802966,0.00187583306354167,-0.036215296571875,0.0251542469527778,-0.0083993516
7,"STANDING",-0.673110526398428,-0.980123664937107,-0.997758893396226,-0.308665625962264,-0.433332476269811,-0.57764690104717,-0.966418337484277,1.86484401743868,-0.0254234961249371,0.000610890069811322,-0.220960913276415,-0.156349670120409,-0.28845031124717,0.0278010991499057,-0.0957520765707547,0.0186801826931761,0.000610890069811322
7,"WALKING",-0.057770656693655,-0.355762164201023,-0.868124644824561,-0.464748483587719,-0.418214849315789,-0.0455741581245614,-0.440255871490936,1.30313063679327,0.0588688905868421,-0.0339590649547368,0.0347174163438597,-0.0467413810033333,-0.0261681737133216,0.119567721010614,-0.0272075912736842,0.00664170285058772,-0.0339590649547368
7,"WALKING_DOWNSTAIRS",-0.0206846782911347,-0.344869345592553,-0.870450802340425,-0.579333180319149,-0.523335072648936,-0.000536979922340426,-0.471458167900709,1.70546951570213,0.0586050309721631,-0.0191870649329787,-0.127334705181915,-0.0649686303893262,-0.145874488027482,0.0989697844957447,-0.0156193225946809,-0.0877954383177305,-0.0191870649329787
7,"WALKING_UPSTAIRS",-0.229894935661438,-0.597812533366013,-0.878564046666667,-0.433447061401961,-0.336220563937941,-0.311557364429412,-0.593125356683007,1.46375005987712,0.0475494096503268,0.0557341910803922,-0.049469993202451,-0.00725715005075163,-0.0888962969947059,0.0652044034210784,-0.119075289409804,-0.11229403720915,0.0557341910803922
8,"LAYING",-0.652233868769877,-0.97813408441358,-0.998797997407407,-0.289967809302778,-0.287970129231481,-0.694100101027778,-0.974145901851852,2.1991232547563,-0.411808783518272,0.0116558917083333,-0.0473056143909259,-0.111823761721728,-0.160920137509568,0.0350002426064815,-0.106279529888889,-0.132082476199383,0.0116558917083333
8,"SITTING",-0.685447218470652,-0.987355506050725,-0.998854995326087,-0.398865982793478,-0.214071524565217,-0.581397322684783,-0.984180049746377,1.8628797942,-0.172184393076478,-0.00108287364456522,-0.0425491879282609,-0.14309872191154,-0.213607932456522,0.048545906,-0.0596366852169565,0.0477869354634058,-0.00108287364456522
8,"STANDING",-0.675374943566049,-0.985171117253086,-0.999264589907407,-0.443674306981481,-0.377443095617593,-0.658086819861111,-0.981760295864198,2.02831321073519,-0.0040135549637037,0.0177584202444444,-0.142443794871296,-0.144303315593519,-0.299531188041975,0.0521993509305556,-0.0708010079092593,0.023500382051358,0.0177584202444444
8,"WALKING",-0.105681920705556,-0.391471130925,-0.7496466284375,-0.656125192395833,-0.331607012395833,-0.558499786125,-0.381338236155556,1.49586093277226,-0.0785489688402431,-0.0698282504354167,0.0168088122333333,0.0488864394369444,-0.0923970930600694,-0.014425214484375,-0.193032446609375,-0.0818539023936701,-0.0698282504354167
8,"WALKING_DOWNSTAIRS",0.0752291385688597,-0.0604123848565789,-0.728623414868421,-0.728702517894737,-0.644543425118421,-0.415493112657895,-0.21219669346943,1.86315323894868,0.0347940135087719,-0.0167461182828947,-0.183181021036842,-0.123646256255307,-0.114988622645263,0.0363222684552632,-0.0329639782763158,-0.0879276259141228,-0.0167461182828947
8,"WALKING_UPSTAIRS",-0.0681714241930894,-0.353934906721138,-0.472573849939024,-0.650881778439024,-0.461091801109756,-0.728938511097561,-0.377740363003659,1.65730072397154,0.0317244379086179,-0.00670292633536585,-0.120659534207317,-0.00481889054552846,-0.109422552512602,0.0109586098390244,-0.136354191621951,-0.112527601078862,-0.00670292633536585
9,"LAYING",-0.660884372025,-0.974577820266667,-0.9992127616,-0.32773249186,-0.3409753331568,-0.469904408089,-0.961134092066667,2.36479765061633,-0.162395923258067,0.009578025389,0.1599817746166,-0.185896538907667,-0.174381811325233,0.00487119363,-0.115981638579,-0.146949454037333,0.009578025389
9,"SITTING",-0.659732399718667,-0.9654815495,-0.9957562617,-0.43045281484,-0.256893259916,-0.47254803724,-0.9647209748,2.03145061771667,-0.216230999695833,0.03196795945,0.092371199253,-0.177505185254533,-0.174960644184333,0.0363665846999,-0.076896022126,-0.0698464703018,0.03196795945
9,"STANDING",-0.686603795320237,-0.977152554407407,-0.997421640444444,-0.467626929533333,-0.413535062266667,-0.515315390006667,-0.955872658111111,2.19854142689222,-0.11823142629737,-0.0208161270566667,0.194371936186667,-0.192275452406519,-0.141482226590741,0.0113669281916667,-0.06596946454,-0.0375239147441852,-0.0208161270566667
9,"WALKING",-0.188006210344872,-0.453996762778814,-0.840868715961538,-0.63861981375,-0.527137260519423,0.108404173997115,-0.532977885804487,1.65187326166449,-0.0222546896426603,-0.0117833946634615,0.104824801684615,-0.00233859652051282,-0.157071628599295,0.0286711607307692,-0.0249487860914423,-0.0452531523002564,-0.0117833946634615
9,"WALKING_DOWNSTAIRS",-0.0165424906917857,-0.336415024755952,-0.847315492738095,-0.574753711095238,-0.584860701785714,-0.00484896416428571,-0.474783536647619,2.06631473487414,0.064505988140873,0.00204795212857143,0.165636595904762,-0.139826378236905,-0.0879312646234127,0.00900166255238095,-0.00635834147619048,-0.135899745365198,0.00204795212857143
9,"WALKING_UPSTAIRS",-0.298940943589116,-0.603052240782313,-0.801589723571429,-0.623463337826531,-0.451170651547959,-0.423418443857143,-0.560724714357143,1.79271049736775,0.0726712183621088,-0.0321870147285714,0.150676270088776,-0.0175195995637415,-0.095743039830068,-0.0365403376261225,-0.109109772847959,-0.044868422257483,-0.0321870147285714
10,"LAYING",-0.696595734358333,-0.981571924310345,-0.998897972844828,-0.510614985422414,-0.557246712656035,-0.589053754318966,-0.973372186408046,2.52841396043966,-0.158164745206983,-0.00700605336836207,0.113395624988313,-0.12316385756227,-0.143956780693678,-0.0041916667612069,-0.0749086996939655,-0.25173159134454,-0.00700605336836207
10,"SITTING",-0.687690613475617,-0.990427234197531,-0.998706366574074,-0.52747747117037,-0.244692266447222,-0.655015668314815,-0.987857075740741,2.19473571831787,-0.174124570256296,0.00166744875,-0.0381632718342593,-0.168366227516049,-0.206157659002963,0.0371587258212963,-0.067598346327963,-0.0420992402935185,0.00166744875
10,"STANDING",-0.675461014641667,-0.973445126969697,-0.998794867954545,-0.476753940071591,-0.397408586135227,-0.535327800525,-0.960971606666667,2.36245681243182,-0.147597773973182,-0.00943042275,-0.0822345085477273,-0.172742084265379,-0.209258702396591,0.0420055812943182,-0.100171320236133,-0.0284693343640152,-0.00943042275
10,"WALKING",-0.114920958262264,-0.388868121523082,-0.780776594716981,-0.680432811509434,-0.685010504811321,-0.335476042297415,-0.48938345878522,1.82896407981415,-0.038449099063522,0.0248924937916132,-0.177444687042453,-0.0917354145771793,-0.0833733226213837,0.0294701487633019,0.119705096149075,-0.0259797130812893,0.0248924937916132
10,"WALKING_DOWNSTAIRS",0.0303855245381579,-0.245094363562281,-0.688398654605263,-0.499927968617105,-0.618991047776316,-0.236697395460526,-0.38272647412943,2.24254691127149,-0.00639247116403509,0.0182441657932895,-0.0762012894868421,-0.114496305600877,-0.119061578639474,0.0246307143281579,-0.0125215429605263,-0.010007905104386,0.0182441657932895
10,"WALKING_UPSTAIRS",-0.145735975270567,-0.451458864237731,-0.854457319680851,-0.602377702659574,-0.430825019180851,-0.547844232968085,-0.481495330024468,1.99549400271702,-0.079024097308156,0.0601526870010638,-0.0801042873489362,-0.0983189084234043,-0.139574134006915,0.00418926444893617,-0.0725051807031915,-0.0506168285798688,0.0601526870010638
11,"LAYING",-0.685070721680994,-0.987198609649123,-0.998451613421053,-0.657720042868421,-0.365590510075439,-0.68259187897807,-0.983546198654971,2.69489487626257,-0.171156271545994,-0.0273084237657895,-0.00662675995078947,-0.165398622864854,-0.115916938725439,0.0376456907991228,-0.0591433331771842,-0.0651746142099415,-0.0273084237657895
11,"SITTING",-0.688464654717987,-0.984771058050315,-0.998538033679245,-0.424227945768868,-0.289631845979245,-0.441054918150943,-0.985078506918239,2.36100564254465,-0.175128770502987,-0.0187188790867925,0.18014894485566,-0.191863438514151,-0.148318172159748,0.0493208035833019,-0.0353324578210377,0.0120495982295597,-0.0187188790867925
11,"STANDING",-0.700921121222801,-0.99216484787234,-0.999744612765957,-0.562391355574468,-0.474761717990426,-0.703417027230851,-0.988944499219858,2.52614182749291,-0.200569227797943,0.00949620343617021,-0.0487415224745745,-0.157219831171631,-0.199257370154255,0.0698620269889362,-0.0989906844565872,-0.0347765480193794,0.00949620343617021
11,"WALKING",-0.292039348155254,-0.616082722471751,-0.906572897288136,-0.626356080762712,-0.571083013432203,-0.301149882901695,-0.673760162372881,1.95437265560345,-0.0856831838666667,0.0556224965076271,-0.0333847658241525,-0.016606085139846,-0.12416596165904,-0.0196283760855932,-0.11405347005,0.023541811469774,0.0556224965076271
11,"WALKING_DOWNSTAIRS",-0.0527429180858696,-0.443653030915217,-0.86341016826087,-0.575292951652174,-0.467648120293478,-0.356399263706522,-0.554769045702899,2.38419704448185,0.0501353832996377,-0.0182424782865978,-0.113068799190217,-0.0382918258246377,-0.129556431586232,-0.00998825055326087,-0.0559276367413043,0.00175802615398551,-0.0182424782865978
11,"WALKING_UPSTAIRS",-0.267915832763333,-0.638385819320988,-0.971245695277778,-0.494145093657407,-0.320716007512963,-0.232815715473889,-0.698709511790123,2.14797665026204,-0.0722780444017901,0.0208539325768518,-0.0825421057462963,-0.0199295662891975,-0.14363132813821,-0.0153901409666667,-0.0917948953361111,-0.0411396818333333,0.0208539325768518
12,"LAYING",-0.642918899733333,-0.977680178972222,-0.998381289583333,-0.397177975475,-0.3831859408425,-0.528847222496333,-0.970271706861111,2.86318570593644,-0.237142029205089,-0.0363562811791667,0.01079962711,-0.202279087859167,-0.189201187361389,0.0127260135091667,-0.075640239845,-0.157026203516944,-0.0363562811791667
12,"SITTING",-0.67554874671732,-0.981710771666667,-0.998784167058824,-0.43219937727451,-0.397081966621,-0.563291745715686,-0.977170038104575,2.52839031918801,-0.181523592736536,0.000938639908823528,-0.0105876985892157,-0.168001822496569,-0.234096373281046,0.0510557386607843,-0.121487738118824,0.0029296082369281,0.000938639908823528
12,"STANDING",-0.669971941835246,-0.975774807595628,-0.998583932704918,-0.424849133254098,-0.346799189065574,-0.607361836327869,-0.945606772322404,2.69562243139754,0.0018812568884153,0.0263035262604098,-0.0532938416286885,-0.174189477208197,-0.223737610392623,0.0563335781196721,-0.0865507731811475,-0.0271136174403279,0.0263035262604098
12,"WALKING",-0.131371077294933,-0.4131665399497,-0.8507004071,-0.611613564,-0.55951813675,-0.2753197987625,-0.58551968486,2.17158468309633,0.0435015976472667,0.043245087839,-0.102629319029,-0.161423713726233,-0.0766789403881,0.075216884071,-0.01396871824,-0.0682212220093333,0.043245087839
12,"WALKING_DOWNSTAIRS",-0.0184288750977174,-0.377272395301775,-0.824248687826087,-0.598027673109152,-0.563973218216304,-0.139091155483587,-0.494044800767754,2.53271489831222,0.0462239251311594,0.0392503664619565,-0.0637995112315217,-0.0993089658525362,-0.0946593292105073,0.0762734561586957,-0.04493240987,-0.0639932333996377,0.0392503664619565
12,"WALKING_UPSTAIRS",-0.25280114441859,-0.600908851057692,-0.870365393461539,-0.445805495067308,-0.528678274355769,-0.0771601178788461,-0.650930981128205,2.30818732098173,-0.0765424759705128,0.0319399826451923,-0.0481335890192308,-0.0886213122219551,-0.130433469110897,0.0300528341968269,-0.0705660466375,-0.0744853426913462,0.0319399826451923
13,"LAYING",-0.597267345515323,-0.988122521021505,-0.998849014677419,-0.215412227271774,-0.142081074959677,-0.548526392159677,-0.979948590295699,3.03050867537177,-0.323617936485349,-0.0199405354379032,-0.00930307033145161,-0.167840713352656,-0.168218332575806,-0.0691490991612903,-0.0873806490693548,-0.124124285810484,-0.0199405354379032
13,"SITTING",-0.657633291502415,-0.989107892687075,-0.999160177857143,-0.458462445960204,-0.271055818037755,-0.723360178061224,-0.986688341768707,2.69694306397313,-0.126518985744684,0.0223321645020408,0.0239580783836735,-0.124108877007857,-0.188381645182313,0.0198043384612245,-0.0845806531481633,0.0587084958812925,0.0223321645020408
13,"STANDING",-0.679985383464912,-0.989510098479532,-0.999592456491228,-0.484078314175439,-0.426740583815789,-0.666640856026316,-0.976596458333333,2.85963738910058,-0.0872550228227515,-0.0146165107482456,-0.153856926757895,-0.156524491788596,-0.271857537121637,0.0482037012877193,-0.0840990615087719,-0.028802233030117,-0.0146165107482456
13,"WALKING",-0.161501273848655,-0.412228073448246,-0.843108893333333,-0.53503863254386,-0.447814745789474,0.178752027,-0.455583568677485,2.29981753579211,0.0483080933264035,-0.0439821926283333,-0.136124068377193,-0.00151395249573099,-0.0659234457285088,0.0247758586114035,0.00365410099298246,-0.0310449708163158,-0.0439821926283333
13,"WALKING_DOWNSTAIRS",-0.0982782254219858,-0.370587235181252,-0.841082069787234,-0.616423666638298,-0.659824254755319,-0.162970351195745,-0.436337266184752,2.68506414421663,0.0836677121271809,-0.0161794382468085,-0.0963121650478723,-0.111882015687128,-0.142438162765248,0.0118399204212766,-0.0456990578414894,-0.0914363647674823,-0.0161794382468085
13,"WALKING_UPSTAIRS",-0.219871038398485,-0.610243502875758,-0.819832722272727,-0.531142829945455,-0.534407501627273,-0.474718646827273,-0.610171859836364,2.46806880847421,-0.0127389858445455,0.0199336941218182,-0.142314204871636,-0.04805162897,-0.190119303728788,-0.0300404180918182,-0.0131800257163636,-0.0593868261838182,0.0199336941218182
14,"LAYING",-0.661630719251634,-0.974558431078431,-0.997480197941176,-0.368109583598039,-0.363247548281373,-0.56889826215,-0.965740090294118,3.20293295927843,-0.351518157261536,0.0172131959910784,0.013262184995098,-0.167632713237843,-0.215376209519899,0.00102830016372549,-0.102648596928431,-0.107660211558824,0.0172131959910784
14,"SITTING",-0.684624371614198,-0.981952272746914,-0.998328763240741,-0.498981442344444,-0.3564890835,-0.609705672933333,-0.980892794382716,2.86576353063735,-0.0503071068823395,0.0274116531685185,-0.0142991564893519,-0.136759118021296,-0.252978329563889,0.0390754111,-0.114046567285185,0.0180101532469136,0.0274116531685185
14,"STANDING",-0.674893835416389,-0.9805266345,-0.9981513985,-0.406859880773333,-0.3815517937575,-0.493987093325,-0.969861527388889,3.03137519893378,0.111150272656692,0.00966498030833333,-0.235970614833833,-0.141647136878972,-0.341557947269806,0.034043175355,-0.12614534496,0.0112338410722222,0.00966498030833333
14,"WALKING",-0.228951865332938,-0.517489276158192,-0.793853532966102,-0.483202342983051,-0.362667584935593,-0.00309045585254237,-0.545392415033898,2.45679759887938,-0.117496044504605,0.0156274495644068,0.261756244555085,-0.133846036975766,-0.0916131822373644,0.0671404011669492,-0.0602026669186441,-0.223713501711864,0.0156274495644068
14,"WALKING_DOWNSTAIRS",0.0703854283001852,-0.103617185558889,-0.450467994644444,-0.643233936111111,-0.639629735222222,-0.05794026162,-0.229906697888889,2.86640104964385,0.138336262739222,-0.00574228282888889,-0.231045082233333,-0.0819858330626741,-0.176210848726667,-0.00959386345555556,0.0398501314322222,-0.177897634296296,-0.00574228282888889
14,"WALKING_UPSTAIRS",-0.123371716610864,-0.331729842649074,-0.355128033460185,-0.450737639784259,-0.465849004109259,-0.590436473351852,-0.351076109774846,2.63671764025855,-0.111880268264383,-0.00074604710537037,0.338667724055556,-0.103915490602469,0.049301320837037,-0.04266227325,-0.0724526248018519,-0.286231887817901,-0.00074604710537037
15,"LAYING",-0.671731010420174,-0.983183996828704,-0.998396983125,-0.470283858329861,-0.398400007675,-0.599353199918681,-0.972402013888889,3.36367670107919,-0.140237279576759,0.000267861766666666,-0.0177830069618056,-0.166198248144444,-0.188366258059954,0.0366620645131944,-0.0858879759319444,-0.0812759376967593,0.000267861766666666
15,"SITTING",-0.677376910387006,-0.988732089265537,-0.999044860338983,-0.497049581381356,-0.303671255338983,-0.594846334677966,-0.986723665141243,3.02673982054407,-0.13001601179535,0.010908787470339,-0.0610452897383898,-0.15211846420226,-0.24654100213726,0.0324037918220339,-0.0238643459647458,0.0334658112460169,0.010908787470339
15,"STANDING",-0.687144425634478,-0.986272005786163,-0.999301611037736,-0.461253461311321,-0.328428270022642,-0.649516768943396,-0.973537193113208,3.19428401464748,-0.138777590533469,0.00743170901603774,-0.00617159131981132,-0.176127347229717,-0.222288762208491,0.0403558859824528,-0.118034378675368,-0.0377204421856289,0.00743170901603774
15,"WALKING",-0.237052898982531,-0.560681929061728,-0.913463648888889,-0.662357131574074,-0.582059389907407,-0.454800624364815,-0.583153107302469,2.63687243555404,-0.0757492464040772,-0.00521560416305556,-0.0257664505064815,-0.0103573528662963,-0.0621694026524691,0.000766272022416667,-0.0140583715435185,-0.0207844212314815,-0.00521560416305556
15,"WALKING_DOWNSTAIRS",0.100272447662698,-0.305944734386905,-0.825827054047619,-0.582282610666667,-0.549644918254762,-0.210978788660714,-0.463423118987698,3.09508555965155,-0.00283064644484127,0.033576926497619,-0.112261472583333,-0.027938077571627,-0.111086500865079,0.0276290604321429,-0.0546353333214286,0.00189211071345238,0.033576926497619
15,"WALKING_UPSTAIRS",-0.168178337204861,-0.543448798237674,-0.9181678509375,-0.443648261166667,-0.393737911104062,-0.50821639609375,-0.621515463541667,2.8497309268066,0.0181605656027778,0.0215611003954167,-0.0810670174375,-0.0507457036436458,-0.153570194217361,0.0611819745645833,-0.1271590501375,-0.0654231618836806,0.0215611003954167
16,"LAYING",-0.642958892510286,-0.990810540642857,-0.999773971428571,-0.202649365522857,-0.349208917827857,-0.684639414600714,-0.985806001880952,3.52943581480729,-0.265451382065607,0.0341773801364286,0.0684510005314286,-0.164003802615381,-0.205667640466905,0.0352641262507143,-0.0975569145635714,-0.14748316952881,0.0341773801364286
16,"SITTING",-0.686727173653865,-0.988547739371981,-0.996488515507246,-0.561238377326087,-0.331739765850797,-0.667463433111138,-0.981049848285024,3.19909212854903,-0.14332165741442,-0.0194201039698551,-0.156626400960145,-0.152763130021932,-0.24473631526256,0.0310848581594203,-0.0553201179217391,-0.00194088814879227,-0.0194201039698551
16,"STANDING",-0.686020838740385,-0.99106319741453,-0.999751276730769,-0.434639610998718,-0.369894986482692,-0.617231809858974,-0.98562322991453,3.36236048246389,-0.0671404234610491,-0.00996919648974359,0.0236393920378205,-0.167290568342308,-0.203182241923291,0.0508544344048077,-0.0870756362277564,-0.0308009683863248,-0.00996919648974359
16,"WALKING",-0.24945898278366,-0.548280105947712,-0.890728294803922,-0.709586690980392,-0.630629094666667,-0.41625512495098,-0.664366972352941,2.7903497163065,-0.0022005645754902,-0.0798602184229412,0.277690216408824,-0.123462168493595,-0.135715317165686,-0.00107486100196079,-0.035407486967451,-0.0843602706522876,-0.0798602184229412
16,"WALKING_DOWNSTAIRS",0.035073201729539,-0.36063889496234,-0.904901841170213,-0.486295020085106,-0.420466673621383,-0.164451534926596,-0.538338192997872,3.22742920609894,0.0367453912138298,-0.0222145333829787,0.145859639907447,-0.119464660840426,-0.154837421967943,0.157768766538298,-0.0101560235787234,-0.14866777443617,-0.0222145333829787
16,"WALKING_UPSTAIRS",-0.280546213048693,-0.61397106496732,-0.887681529117647,-0.47996338375098,-0.416378019028431,-0.32659735225098,-0.665639946535948,2.95341037646876,-0.0101629431598039,0.00280114654333333,0.0451864865892157,-0.121009105663922,-0.138770811937124,0.0187877538611765,-0.144422306718627,-0.167949178300654,0.00280114654333333
17,"LAYING",-0.653370463004225,-0.986390009460094,-0.999259839014085,-0.0218137890485915,0.0358779767461972,-0.662983814557535,-0.982964249483568,3.69549450631272,-0.384876250156737,-0.0434373469316901,-0.000556234778169014,-0.138957096942732,-0.228811467602242,-0.0403627510514084,-0.08075661897,-0.119181043113146,-0.0434373469316901
17,"SITTING",-0.689405008619792,-0.993791399479167,-0.99958661875,-0.34507797190625,-0.260632977754688,-0.714377290140625,-0.99140382765625,3.35918879253281,0.00835896826989583,-0.008829508140625,-0.0099370274953125,-0.130352757182813,-0.220443440405521,0.0180785412188281,-0.0700105727014844,0.026597781021875,-0.008829508140625
17,"STANDING",-0.689979914148504,-0.993019418589744,-0.999785837371795,-0.439827816717949,-0.295973605480769,-0.718986142608974,-0.989229437606838,3.5263224052466,0.0395105573751068,0.000259944575641025,-0.0928974729570513,-0.132493538553034,-0.265943633516026,0.0651280433891026,-0.0882605242025641,0.00993339715106837,0.000259944575641025
17,"WALKING",-0.222599829138989,-0.527825112748634,-0.888884809590164,-0.601645766885246,-0.608812012032787,0.236410909790984,-0.59453311795082,2.97076033665473,0.00882370703237705,-0.0283482901052459,-0.0944647098480328,-0.0875913398751366,-0.146044821323497,0.0335354152188525,-0.0668340682385246,-0.0455007677844262,-0.0283482901052459
17,"WALKING_DOWNSTAIRS",-0.0833602884072464,-0.460687305604348,-0.912929498586956,-0.55898165526087,-0.5315113255,-0.363249190586957,-0.552740052633696,3.39594313809638,0.00897378134264493,-0.0195554816347826,-0.165100836176087,-0.0873289936663406,-0.165019418071667,-0.00337371393586956,0.000735107597826087,-0.12592952417971,-0.0195554816347826
17,"WALKING_UPSTAIRS",-0.137274578725,-0.5516977406875,-0.837120769895833,-0.569946647104167,-0.581889690916667,-0.603335005885417,-0.608844284961806,3.17424950182462,0.0702522265902778,-0.0199697779645833,-0.174679859001042,-0.0941687670787431,-0.133159227047431,0.00855098898541667,-0.00702993819427083,-0.134388777416667,-0.0199697779645833
18,"LAYING",-0.688133732212308,-0.99125908774359,-0.999754885,-0.633167971857923,-0.505431429741538,-0.7360526637,-0.992607134692308,3.86084520522051,-0.316001886496231,-0.0414653555415385,-0.0961998224385385,-0.148370384911538,-0.201186240756692,-0.00290696599923077,-0.0910197858384615,-0.061466754076359,-0.0414653555415385
18,"SITTING",-0.685513516173216,-0.992489416461988,-0.999607624210526,-0.640817301047368,-0.451059938464912,-0.741727600078947,-0.992304157368421,3.52635802106287,-0.173341373810868,-0.00890056871140351,0.00311734989842105,-0.13951339715,-0.230067758903801,0.0177611105912281,-0.122135501914912,0.0298544329420146,-0.00890056871140351
18,"STANDING",-0.690354604394292,-0.989865008310502,-0.999614289931507,-0.526485826629452,-0.376410657933034,-0.697940663526712,-0.980670802534247,3.69355838923174,-0.0466468698883448,0.00229959485547945,-0.199394212468493,-0.143428924522945,-0.306067399502055,0.0490153450483562,-0.118354997157386,-0.0234879219847032,0.00229959485547945
18,"WALKING",-0.301220835338393,-0.588455525357143,-0.932240142410714,-0.557609298267857,-0.627422234258929,-0.28316195650625,-0.716571703035714,3.12931025977842,-0.06517231798125,0.00382065790625,0.0895974061660714,-0.0753182061056845,-0.0974391736615476,0.013584256585625,-0.0653771785857143,-0.0367143337597024,0.00382065790625
18,"WALKING_DOWNSTAIRS",-0.272181564809697,-0.617258437060606,-0.920964929454545,-0.547021775827273,-0.425140230318182,-0.0850913234754545,-0.659090839190909,3.477591233766,0.058430568860303,-0.01207984112,0.071293514902,-0.0767630929520909,-0.127785287688182,0.0264671032765455,-0.0570299014198182,-0.0648559507046364,-0.01207984112
18,"WALKING_UPSTAIRS",-0.316040116203161,-0.702552221091954,-0.906978243189655,-0.51180794612931,-0.298375104633621,-0.228653748224138,-0.713155228103448,3.29172849256782,-0.0433163041112069,0.0188071389491379,-0.0921766187948276,-0.104214809601149,-0.172770727435115,-0.00532019009913793,-0.0526249963991379,-0.108045804737069,0.0188071389491379
19,"LAYING",-0.645680633289558,-0.988236745160643,-0.99939398746988,-0.340699962134337,-0.358027428150602,-0.590345052456024,-0.983930589016064,4.03025166761104,-0.160163897715124,-0.00580981868674699,-0.0627753546065663,-0.154219285115551,-0.223605185056888,0.0231312159277108,-0.0306127416361446,-0.0481441356178715,-0.00580981868674699
19,"SITTING",-0.679715394319406,-0.989093933127854,-0.999361037739726,-0.312561114438493,-0.253272813917808,-0.616282842034247,-0.983847128835616,3.69533762313653,-0.207615326445397,0.0108863681195205,0.0870777354643836,-0.15727565096089,-0.249095543052511,0.022739350660274,-0.103374191954795,0.0226794420315069,0.0108863681195205
19,"STANDING",-0.677999536676256,-0.986850041141553,-0.998978914452055,-0.46561789265411,-0.333128835751096,-0.665311588369863,-0.972321410022831,3.86063249214224,-0.148927505909358,0.00783532645136986,0.0172048682315069,-0.150107678235137,-0.201932770373151,0.0628812682356164,-0.0667711858649315,-0.0248709240776256,0.00783532645136986
19,"WALKING",-0.018252356334968,-0.219223231128718,-0.726441557211538,-0.692204705961538,-0.442237434409615,-0.272144252014423,-0.210666021244808,3.34718536658811,0.0445016744021523,-0.0330012121105769,0.160423892105769,-0.0416664394040064,0.0187716960166667,0.0678933071384615,0.000727496022115384,-0.104196077287436,-0.0330012121105769
19,"WALKING_DOWNSTAIRS",0.288890779167607,0.0461139472632479,-0.570282192564103,-0.651055625897436,-0.530872569782051,-0.354582290820513,0.0278776238303419,3.79021927603612,0.14269963132906,-0.0108831297179487,-0.0522428930576923,0.0165042395576923,-0.0252179819628205,0.0407833424820513,-0.0495202575583333,-0.0577855335101282,-0.0108831297179487
19,"WALKING_UPSTAIRS",-0.105754979502542,-0.40350836236125,-0.753679829125,-0.7191320285,-0.59617938575,-0.77480618275,-0.437252816830417,3.4886539073975,0.123598740682458,-0.0150738612265,-0.0613265699775,-0.05153011077375,-0.0647844585304167,-0.0058675311875,-0.17589188148375,-0.12132252788875,-0.0150738612265
20,"LAYING",-0.677333788050245,-0.987975876593137,-0.999446532720588,-0.502801477447059,-0.493145299117647,-0.651586225647059,-0.985376342009804,4.19309063614142,-0.265772932840679,0.00508203809926471,-0.0398524305779412,-0.168394661266076,-0.219612840625,0.0406993347801471,-0.0720441378360294,-0.0814230830269608,0.00508203809926471
20,"SITTING",-0.674878739817172,-0.983398039116162,-0.998196391060606,-0.462490026545455,-0.391007952984848,-0.612263074671212,-0.977016693207071,3.86197850252053,-0.195547374043308,0.0118249435113636,-0.0787140276320454,-0.125840590367424,-0.239736431568434,0.0394857282954545,-0.0963936273278788,0.00583618435739899,0.0118249435113636
20,"STANDING",-0.641540600058219,-0.966778201369863,-0.994894824383562,-0.39377747090411,-0.406002119463014,-0.490380841119863,-0.931438662237443,4.03206577976283,-0.112959445650379,0.0602405885445205,-0.0789835922910959,-0.17118083553653,-0.233368415065753,0.0712334053817808,-0.0387054827267123,-0.0390599775427626,0.0602405885445205
20,"WALKING",-0.0703598830777778,-0.338158988328758,-0.786624358823529,-0.802432457745098,-0.572695329869608,-0.354686760696078,-0.342667213819183,3.48825117918464,0.064017140953268,-0.0623788743264706,-0.0675875063980392,-0.0581633208115686,-0.0349318313075163,0.055344354977451,-0.0915043716140196,-0.0873720535421569,-0.0623788743264706
20,"WALKING_DOWNSTAIRS",0.0583484792173333,-0.343723790348626,-0.6100741101,-0.593468719333333,-0.644500289633333,0.0125430900022222,-0.297035140421852,3.87606836103585,0.0594676276581481,-0.00898115638888889,-0.226114403195556,-0.0678074874094074,-0.106050490399259,0.0295699646655556,-0.0237747195644444,-0.08496983699,-0.00898115638888889
20,"WALKING_UPSTAIRS",-0.182664670382157,-0.482881948225163,-0.607621483134314,-0.321510516540196,-0.660903642352941,-0.465918581343137,-0.449398365543791,3.66445998143366,0.0958729513720588,-0.0485814098232353,-0.0206817544401961,-0.0985287442261438,-0.155371154324804,-0.0169112129166667,-0.215628681587255,-0.116914085612353,-0.0485814098232353
21,"LAYING",-0.668736040706667,-0.986078286759259,-0.999361047611111,-0.153825715756111,-0.183879893167444,-0.676136377725,-0.982359666685185,4.36577141152641,-0.451679627060278,0.00617184295833333,-0.0277781172675,-0.179893244877963,-0.199809320957593,0.0268759050272222,-0.0664146453445,-0.17621711499963,0.00617184295833333
21,"SITTING",-0.690450228465686,-0.989650094588235,-0.999585793529412,-0.630787789423529,-0.52543127661,-0.704893267235294,-0.988401715607843,4.02655057855941,-0.102451059569762,-0.00113239119352941,-0.0847417223882353,-0.12444033370411,-0.254320497853929,0.0133178629863529,-0.082493600055,0.0048151948015098,-0.00113239119352941
21,"STANDING",-0.684664173472097,-0.981684127640449,-0.998791794606742,-0.504343433879213,-0.448086952857303,-0.609195170573034,-0.973200893726592,4.19473432543852,0.0254689041433802,-0.000722887368539328,-0.223343812105618,-0.114080656710169,-0.319546203658783,0.038283166650618,-0.113443457460674,-0.0246838331205993,-0.000722887368539328
21,"WALKING",-0.173261114945833,-0.397333849717308,-0.855375372211538,-0.41846863325,-0.476983336451923,0.427007472754808,-0.506894057669872,3.64314805317263,0.0305725568190385,0.0559440960025,0.255592152914423,-0.00500789504833333,0.0186841072637821,-0.0310309825384615,-0.0371456922115385,-0.0648053277153846,0.0559440960025
21,"WALKING_DOWNSTAIRS",0.0716068906096296,-0.304516575916296,-0.86163524,-0.506874209071111,-0.564621846511111,-0.223456102635556,-0.462028231288889,4.06838605177478,0.0958151885655556,0.0496298931833333,-0.1004910202,-0.0963680172733333,-0.165965681034444,0.0598778083744444,-0.0600984913518889,-0.119968402259259,0.0496298931833333
21,"WALKING_UPSTAIRS",-0.178886175884752,-0.543810500570922,-0.692571145319149,-0.516654986042553,-0.528751247765957,-0.495041640471277,-0.566944806053192,3.81254168792482,-0.0169613751810284,-0.0120181753269436,0.0869276645617021,-0.0626191123758865,-0.0248169502920213,0.00567757762765958,-0.0991208606323404,-0.168773586241135,-0.0120181753269436
22,"LAYING",-0.654320633640972,-0.976681938680556,-0.994331689027778,-0.412890113932639,-0.328514989547222,-0.468581342522222,-0.969334806643519,4.53452675969116,-0.321620059956597,0.00608461456666667,0.0316571605277778,-0.134873573714815,-0.197690320715926,0.063924945473125,-0.0761496426027778,-0.0952735437100232,0.00608461456666667
22,"SITTING",-0.660876269937903,-0.982033275,-0.998004707983871,-0.283280501141935,-0.239073447458468,-0.581325855287097,-0.977619012634409,4.19615713080699,-0.181988007863952,0.00316487302814516,-0.0732670761983871,-0.142808861988978,-0.239964326750806,0.0358913888757258,-0.0587252565758064,0.0213782479892473,0.00316487302814516
22,"STANDING",-0.672952426419312,-0.979828852354497,-0.999195955873016,-0.384121650777778,-0.268724564633333,-0.464865972996825,-0.961431078148148,4.36220493164569,-0.00707961504137566,0.0398059092039683,-0.0175582722166667,-0.159122001737037,-0.250235417834127,0.0758605872785714,-0.0841648708484127,-0.0139750580354497,0.0398059092039683
22,"WALKING",-0.0329362523159783,-0.271799909364493,-0.729819065108696,-0.679374018695652,-0.42818721173913,0.224708710494565,-0.436112032413043,3.85772858317897,0.00189383976271739,-0.046148361026087,0.0788510347880435,0.0031250350576087,-0.0188240533235507,0.0506636011336957,0.139892427251087,0.0183488157681159,-0.046148361026087
22,"WALKING_DOWNSTAIRS",0.021536370950463,-0.337686480884722,-0.819101647916667,-0.4038972188875,-0.583019109138889,-0.422583489166667,-0.468842861777778,4.25097690257097,0.0656339659444444,0.0303258060777778,0.0638094529944444,0.0353933173444444,-0.0727195024512037,0.0586661043305556,-0.0689154048069444,0.0213868589212963,0.0303258060777778
22,"WALKING_UPSTAIRS",-0.01527168465,-0.348278606849802,-0.778544260238095,-0.471677491369048,-0.446574134753571,-0.289455465410714,-0.494142393115079,4.0312587134679,0.141975259912897,-0.0308626704,0.00451070081785714,0.0567188399605556,-0.111505118536151,0.0819556916261905,-0.0326479654238095,-0.0362192494112302,-0.0308626704
23,"LAYING",-0.634603219027593,-0.99046146150463,-0.999613190486111,-0.167519765795833,-0.260037200489583,-0.701144182895833,-0.985714016828704,4.69856158081944,-0.381364805436829,-0.0132930782138889,0.0741023694313889,-0.131644632415833,-0.197728507497222,-0.0498684070715278,-0.01872477636875,-0.14834256137963,-0.0132930782138889
23,"SITTING",-0.630049798295588,-0.983445766617647,-0.998211990514706,-0.507920561976471,-0.366451904475956,-0.647224359382353,-0.980051607009804,4.36142340568971,-0.0689559087066054,0.00240490415588235,-0.244132922850735,-0.126508577718873,-0.308783447972304,0.0414354107860294,0.00979424446102941,0.0619007943215686,0.00240490415588235
23,"STANDING",-0.67653665428701,-0.984347286911765,-0.99910036,-0.458896226233088,-0.437249931654412,-0.594917546176471,-0.968002686348039,4.52735553852203,0.0703055301108775,-0.0119269692213235,-0.292742898514706,-0.133688188629314,-0.359272080855147,0.0412323840014706,-0.0903500292911765,0.0352627830978922,-0.0119269692213235
23,"WALKING",-0.205984424337571,-0.315608354141525,-0.811185539067797,-0.689198872118644,-0.508224395813559,-0.280468216532203,-0.31510336556887,3.97132420759492,0.0585808318276554,-0.145192595232203,-0.097855433229661,-0.0888452080628531,-0.124302093970847,-0.038318730629661,-0.183718806471186,-0.0433405870056497,-0.145192595232203
23,"WALKING_DOWNSTAIRS",0.0566398698978395,-0.0928216588598765,-0.779753068611111,-0.584001389805556,-0.702957632222222,-0.237847481574074,-0.234472942385802,4.36983552975157,0.0446181324323765,-0.0207966839884259,-0.0196444529074074,-0.0816759895228395,-0.0871472054927778,-0.0103073367444444,-0.117116930087963,-0.0948655157095679,-0.0207966839884259
23,"WALKING_UPSTAIRS",-0.151165541268954,-0.458227196852941,-0.742315878121569,-0.669655546764706,-0.675277991519608,-0.616503229039216,-0.51722070828366,4.14113872213526,0.0510515630356209,-0.0182691398426471,-0.163133223898039,-0.0909882457698039,-0.154168211248954,-0.0148154982078431,-0.1040074306,-0.101614406258497,-0.0182691398426471
24,"LAYING",-0.677994450215711,-0.989326378680556,-0.999560918125,-0.370809246568056,-0.377638013589583,-0.713046234548611,-0.984565316134259,4.86337911926204,-0.40056885924963,-0.0221393006548611,0.00269348732708333,-0.156617085686343,-0.172951704386806,-0.00818362855902778,-0.0750498835833333,-0.113439601834491,-0.0221393006548611
24,"SITTING",-0.690845640589897,-0.989311100931373,-0.999274518382353,-0.522984905142647,-0.422874997838235,-0.677946085239706,-0.98827551620098,4.52778589205152,-0.172996673782017,0.00425689122132353,-0.0207631321522059,-0.165879613313652,-0.236529610582353,0.0401942808941176,-0.0900341640617647,0.0131184664708333,0.00425689122132353
24,"STANDING",-0.680872920670531,-0.982945047077295,-0.999496750797101,-0.276392717715435,-0.330673059891304,-0.612838305521739,-0.976533639033816,4.69506532081061,-0.0628739514965942,-0.0210511871311594,-0.100872180801014,-0.184739784588406,-0.249737109914734,0.0399656073373188,-0.0848846025541304,-0.024758336852657,-0.0210511871311594
24,"WALKING",-0.308798244827012,-0.588122140086207,-0.897828316810345,-0.618906183198276,-0.742056927689655,0.0455743298081897,-0.613049499109195,4.11217964278132,-0.0689502639258621,-0.0206796445641293,0.047449182562931,-0.0641300817467529,-0.119273868220707,0.00983621133448276,-0.0920780633931034,-0.00758089020114943,-0.0206796445641293
24,"WALKING_DOWNSTAIRS",-0.100542307275818,-0.459160787130303,-0.914746666636364,-0.579306019672727,-0.556508372327273,0.234106292771818,-0.507549623645455,4.51441781221088,-0.041480718776,0.0523268541181818,0.0941981713172727,-0.115943775629133,-0.0532776379136364,0.02870229984,-0.0971450636454545,-0.0966232427951515,0.0523268541181818
24,"WALKING_UPSTAIRS",-0.229877784065819,-0.618948053418079,-0.856574146525424,-0.601270562542373,-0.433205709186441,-0.293971109989831,-0.629796676355932,4.29767253350011,-0.108213525949746,-0.0113826709895763,-0.0233418780847458,-0.120816511195904,-0.103260421450339,0.0727143331590678,-0.0657887566694915,-0.141751067113672,-0.0113826709895763
25,"LAYING",-0.606907368545342,-0.960495485068493,-0.995689302945206,0.0254732995917808,-0.0679491116568493,-0.534070403169863,-0.94171824,5.03705869297945,-0.34042147763395,0.0400069427340822,0.120963684666438,-0.161872085276256,-0.142886139106507,0.0113078615917808,-0.105977632378082,-0.134429802339726,0.0400069427340822
25,"SITTING",-0.684550641168718,-0.991918880282051,-0.999224493923077,-0.566132339894615,-0.416406852606769,-0.651368163064615,-0.989607229871795,4.69378642209436,-0.149038467009385,0.00335228814923077,-0.00875608656692308,-0.157789814936154,-0.258837715957436,0.0369461996753846,-0.054502529993,0.0337658364712051,0.00335228814923077
25,"STANDING",-0.697804653946622,-0.988188504662162,-0.999482912297297,-0.539283532014189,-0.43239689890473,-0.646247024148649,-0.981461578603604,4.86038894070714,-0.135367913162795,-0.0121567023432432,-0.173578663303378,-0.138542533196847,-0.280013672870045,0.0298597670851351,-0.128242182579054,0.0171178254171171,-0.0121567023432432
25,"WALKING",-0.359850607742117,-0.692521382454955,-0.945273701689189,-0.509601769614865,-0.603647991277027,0.306911908481081,-0.656916083671171,4.25926665279527,-0.218912085762545,0.0644035957042568,-0.0275352079283784,-0.0686320445425676,-0.106207276435023,-0.0358603080114189,-0.0985230448702703,0.00433749583952703,0.0644035957042568
25,"WALKING_DOWNSTAIRS",-0.260134046145402,-0.662444593304598,-0.911588081034483,-0.611139356034483,-0.403351611094828,-0.248191915443103,-0.580409062548851,4.65156055044733,-0.134912316669253,-0.0330903547844828,0.0270478307719828,-0.0169657519266667,-0.0888946468658621,-0.00962245352887931,-0.0861581702810345,-0.00953627180373563,-0.0330903547844828
25,"WALKING_UPSTAIRS",-0.341887004401282,-0.753015658410256,-0.946098506769231,-0.552011037830769,-0.332014567196154,-0.434031057500769,-0.687943484002564,4.44417049541867,-0.252266463548026,-0.0160907689261538,-0.0511325935752308,-0.0802788500755641,-0.135323588116923,0.0103076920958462,-0.0726033400890769,-0.109804340937436,-0.0160907689261538
26,"LAYING",-0.640244550024781,-0.992160911162281,-0.998691670592105,-0.547254419626316,-0.278840948230263,-0.678584567236842,-0.988686266359649,5.19633471769759,-0.195767662689219,-0.000891821490789475,-0.07588745056875,-0.13555475650307,-0.239871529619737,-0.0256633107552632,-0.0457716899203947,-0.0388468295434211,-0.000891821490789475
26,"SITTING",-0.6850704448,-0.991894913632479,-0.998816252692308,-0.381908840339744,-0.30346699508141,-0.727181841346154,-0.988861072222222,4.86231600459517,-0.198003571375,0.0158721466172436,0.00273546461025641,-0.144532636035406,-0.256047927736791,0.0385368154788462,-0.093359948386859,0.0448705050583333,0.0158721466172436
26,"STANDING",-0.689809565843468,-0.989992761396396,-0.999568793851351,-0.432372372959392,-0.354218811519054,-0.652781899135135,-0.983713358378378,5.02685983992336,-0.0734039776623874,0.00778360748310811,-0.142279701400676,-0.153220304712613,-0.287533617900225,0.0377258527297297,-0.0565151753418919,0.0188097846475225,0.00778360748310811
26,"WALKING",-0.214132074662119,-0.515814799762712,-0.866882079576271,-0.590275647542373,-0.492802066381356,-0.0917264927330508,-0.566155616299435,4.469120991,-0.0336259362871751,0.043870739275,-0.0517442983220339,-0.153945124837853,-0.0966797645310735,0.0732892576847458,0.0191220379762712,-0.00870238493672316,0.043870739275
26,"WALKING_DOWNSTAIRS",-0.012620179447,-0.419407833667667,-0.8647652861,-0.53797276452,-0.645306676216,0.098887850657,-0.462716233016667,4.88902883389204,0.0207515705806667,0.0331268922704,-0.116719496075,-0.0298944366649667,-0.0916805703574333,0.0298434038901,0.015062906905,0.0684000601666667,0.0331268922704
26,"WALKING_UPSTAIRS",-0.14875318386697,-0.581734808633333,-0.856438987909091,-0.414364293172727,-0.563527763718182,-0.561223785663636,-0.644102977787879,4.65892960019185,-0.0118235763642727,-0.0582943744598182,0.0159946267818182,-0.0568795484833333,-0.0986190095841818,0.0767668004327273,0.0420406231390909,-0.0376016087678788,-0.0582943744598182
27,"LAYING",-0.676225785996847,-0.991121170315315,-0.999325574121622,-0.623837657831081,-0.369007666745946,-0.684168794648649,-0.990321894617117,5.36166014089414,-0.275077103299482,-0.00522472459256757,-0.061251344852027,-0.153108963316171,-0.235457750208739,-0.00176667061689189,-0.116392348637838,-0.0694834133937838,-0.00522472459256757
27,"SITTING",-0.688523067488333,-0.991748022666667,-0.999437983071429,-0.544038769052143,-0.327102839221429,-0.674374840978571,-0.989440778833333,5.02738538372333,-0.169176041439595,-0.0113087156222143,0.064537061134,-0.155938105807929,-0.214143221512143,0.0254689582771429,-0.106546922101429,0.0397155836250952,-0.0113087156222143
27,"STANDING",-0.69208764049625,-0.9890327229375,-0.999691375875,-0.516968099955625,-0.37876927230125,-0.6370267174,-0.9840519355625,5.19386438060917,-0.0523384121473771,0.014301638644375,-0.100122132078312,-0.141062906925708,-0.2582594844975,0.06229753235625,-0.05891019570375,-0.0128315737251585,0.014301638644375
27,"WALKING",-0.213251465878942,-0.489332867657895,-0.842353617017544,-0.729516128947368,-0.487466071350877,-0.409174458153509,-0.602243437309942,4.63315062622116,0.0515064960967836,-0.0460968218149123,0.224565483921053,-0.0335363607233333,-0.0632635830137339,0.0800204368824561,-0.0994470853403509,-0.000755833150877193,-0.0460968218149123
27,"WALKING_DOWNSTAIRS",-0.00944949113219697,-0.366958052024242,-0.79565930875,-0.522243872102273,-0.457830651040909,-0.287539972221591,-0.477461373700379,5.05642626286439,0.161344270820833,0.0243614370340909,0.0232627395670455,-0.0197061750338258,-0.145524340213636,0.0600924838784091,-0.0906202534342045,-0.0503453853765152,0.0243614370340909
27,"WALKING_UPSTAIRS",-0.257095912637026,-0.615178575816993,-0.812509868137255,-0.440965319085294,-0.308108135254902,0.0315772173666667,-0.661195026630719,4.80445082267712,-0.0615898484866013,-0.00888074665588235,-0.106623867871569,-0.0614420168726797,-0.138594333095131,0.0258037772362745,-0.0898995452215686,-0.12573627503268,-0.00888074665588235
28,"LAYING",-0.672062851965833,-0.984343147333333,-0.9984678543125,-0.319768514508125,-0.40070166659125,-0.608386070941688,-0.9715386341875,5.53032109136917,-0.376157701192575,-0.005688181299375,-0.000424993638124998,-0.139425949858646,-0.209320478325625,0.00936811580375,-0.07112177569125,-0.353794239169792,-0.005688181299375
28,"SITTING",-0.671992330014884,-0.980864260787037,-0.998887493888889,-0.440115465979861,-0.4572472594375,-0.589279835125,-0.978525117569444,5.19394107315958,-0.171253095028171,0.00923443002569444,0.0314525327675694,-0.152463036325,-0.19619490701088,0.0300405746225694,-0.0979096118034722,-0.0400735420321759,0.00923443002569444
28,"STANDING",-0.656736749829072,-0.971617260970464,-0.996820189367089,-0.45115548915,-0.392436172127848,-0.494363583168987,-0.939923661265823,5.3627005888061,-0.129571900687089,0.0215315043436709,-0.217751161778481,-0.145964138347616,-0.233929925640232,0.039494911535443,-0.0651876599898734,-0.0620185679597046,0.0215315043436709
28,"WALKING",-0.156996084880247,-0.535462357006173,-0.831842485185185,-0.623800071944444,-0.470400583101852,-0.340176338483333,-0.574669664570988,4.8114723373287,0.0235192242246914,-0.0463739208083333,-0.0529257060907407,0.0263455089266358,-0.0880478586095679,0.0383867482240741,-0.0909975430432407,-0.00665956088398148,-0.0463739208083333
28,"WALKING_DOWNSTAIRS",-0.0087717324140942,-0.360656838698551,-0.835854246521739,-0.622297321195652,-0.691884261456522,-0.271296035542391,-0.403688334874275,5.2147904906308,0.0416346118101449,0.010753731691087,-0.151646187770652,-0.0390412377509746,-0.0422447324451087,0.0201380028641304,-0.0466692012986848,-0.0790926168108696,0.010753731691087
28,"WALKING_UPSTAIRS",-0.210654183088399,-0.554884965888889,-0.811399402352941,-0.467943970156863,-0.448310574843137,-0.240521771536078,-0.609286228875817,4.97841416523843,-0.0436288061678105,0.0196639883911765,-0.109167395051961,-0.0845064055382353,0.0417418066545752,0.0172623994215686,-0.107729834296078,-0.181432454960229,0.0196639883911765
29,"LAYING",-0.695040557678019,-0.99421198147343,-0.999111950942029,-0.690738711014493,-0.496137136323188,-0.771438809565217,-0.992896098454106,5.69606950411836,-0.157568860581908,-0.00296914905144928,-0.0576191240023913,-0.124270781701449,-0.24428765836442,0.03345328545,-0.116499133275362,0.00194008318710145,-0.00296914905144928
29,"SITTING",-0.691534489605278,-0.992746666861111,-0.999163850916667,-0.601822471841667,-0.294533293274167,-0.67259807913,-0.990491304138889,5.35989874307083,-0.179862413342444,-0.00534451861833333,0.00535335631083333,-0.131230645156389,-0.210367996275972,0.0331434134933333,-0.0767647743275,0.0609429934638889,-0.00534451861833333
29,"STANDING",-0.703970000463077,-0.993122951897436,-0.999804831153846,-0.587607212523077,-0.557045065438462,-0.727526792246154,-0.988080691358974,5.52599612934641,-0.0829536326939461,0.0155577950168462,-0.116709833226923,-0.120681663765385,-0.233045682678641,0.0273240070092308,-0.0700467366276923,0.040358999470282,0.0155577950168462
29,"WALKING",-0.123115422055189,-0.428568189816667,-0.886837658867925,-0.515827468867925,-0.623088451792453,-0.548869404188679,-0.590384417484277,4.99578966486755,-0.0636538091874214,0.128648416163396,0.171933415158208,-0.0149764870880189,-0.0381547575210692,0.0093310517490566,0.0726962551396226,0.0775483463032075,0.128648416163396
29,"WALKING_DOWNSTAIRS",-0.0163434611214583,-0.372949648540625,-0.831157255,-0.370090821458333,-0.508010587862292,-0.265503567960417,-0.480438081444792,5.39124147166597,0.0100721907637847,0.00972293362083333,-0.148792044392708,-0.0148744885740451,-0.102494758409549,-0.005463099625,-0.00258880918333333,0.00385769061701389,0.00972293362083333
29,"WALKING_UPSTAIRS",-0.151461199019728,-0.472125337523129,-0.883464627244898,-0.454421572897959,-0.247974448336735,-0.297136084336735,-0.538867510972109,5.17178406513912,0.0120382642987755,0.00032341118367347,-0.0899980641255102,0.0266267316077891,-0.101630491080272,0.0518188371357143,-0.0901683651263265,-0.055221092837483,0.00032341118367347
30,"LAYING",-0.686756644314762,-0.983578305785714,-0.998846501571429,-0.543519180335714,-0.402594763085714,-0.525176622842857,-0.980067141142857,5.8635939707969,-0.287725516756881,-0.00260416683219286,0.058960693345,-0.163324584471119,-0.20441417668881,0.0805243714185,-0.0507372511962857,-0.0774033027230476,-0.00260416683219286
30,"SITTING",-0.686134035714785,-0.989830300672043,-0.998265570403226,-0.537042041887097,-0.248325089177419,-0.704550443620968,-0.986347998225806,5.52952509634973,-0.232057193759677,0.0381165163998387,-0.108081232615323,-0.137523612214624,-0.306555921075376,0.0657787568467742,-0.0771026385591129,0.0241463947276667,0.0381165163998387
30,"STANDING",-0.660078798477401,-0.97464751519774,-0.997603979745763,-0.377983551688136,-0.261126598738136,-0.521188368177119,-0.951132936892655,5.69563011226441,-0.0984857217465904,0.0584858913908475,-0.0820194166372881,-0.173258128157345,-0.266897813717797,0.0846792302628813,-0.0867875179372881,-0.00617585220875706,0.0584858913908475
30,"WALKING",-0.211754118439333,-0.51730971565641,-0.812739669769231,-0.611153387307692,-0.391217657692308,-0.131201439054615,-0.492088058904128,5.13563328954987,-0.171092809191538,0.07658113223,0.102171177474231,-0.0552695729284615,-0.0929002555374872,0.0388459043115385,-0.0800769182953846,-0.0729524709099487,0.07658113223
30,"WALKING_DOWNSTAIRS",-0.08595857585825,-0.456214751320161,-0.856575425322581,-0.633061776862903,-0.433612736475806,-0.227360483174194,-0.474579205489973,5.51800063306003,-0.0457480872854839,-0.0143691220258065,0.0498758417831452,-0.0692821272037634,-0.131364206995161,0.0607056807556452,0.0133011693247581,-0.0459833717587366,-0.0143691220258065
30,"WALKING_UPSTAIRS",-0.277674313274615,-0.645196571051282,-0.832462908230769,-0.500792633584615,-0.0734199748253846,-0.404414186538462,-0.601598472988974,5.29514708389613,-0.244606933005128,-0.0309728927632308,0.0163489940276923,-0.0736904056028718,-0.161399989032564,-0.0431718967015385,-0.135362983123077,-0.138972003526005,-0.0309728927632308
